{
  "name": "string.js",
  "version": "3.0.0",
  "description": "string contains methods that aren't included in the vanilla JavaScript string such as escaping HTML, decoding HTML entities, stripping tags, etc.",
  "repo": "jprichardson/string.js",
  "keywords": [
    "string",
    "strings",
    "string.js",
    "stringjs",
    "S",
    "s",
    "csv",
    "html",
    "entities",
    "parse",
    "html",
    "tags",
    "strip",
    "trim",
    "encode",
    "decode",
    "escape",
    "unescape"
  ],
  "dependencies": {},
  "development": {},
  "scripts": [
    "lib/string.min.js"
  ]
}
